#Data tag : 24v1 , Norm tag: None
#run:fill,time,nls,ncms,delivered(/fb),recorded(/fb)
354774:7893,07/01/22 01:44:47,212,212,0.000014491,0.000014311
354777:7894,07/01/22 05:25:18,160,160,0.000005449,0.000005386
354780:7895,07/01/22 08:31:19,31,0,0.000000005,0
354784:7895,07/01/22 08:43:16,292,281,0.000000038,0.000000036
354787:7895,07/01/22 10:36:28,373,373,0.000000036,0.000000036
355058:7916,07/05/22 02:13:00,350,350,0.000000054,0.000000054
355100:7920,07/05/22 16:47:25,283,279,0.000026348,0.000025569
355101:7920,07/05/22 18:37:01,33,31,0.000002615,0.000002447
355102:7920,07/05/22 18:49:44,23,20,0.000001578,0.000001191
355103:7920,07/05/22 18:58:38,49,43,0.000004653,0.000003837
355104:7920,07/05/22 19:17:22,34,28,0.000003325,0.000002563
355105:7920,07/05/22 19:30:33,35,29,0.000003395,0.000002681
355106:7920,07/05/22 19:44:01,34,27,0.000003262,0.000002401
355107:7920,07/05/22 19:56:53,36,29,0.000003443,0.000002705
355108:7920,07/05/22 20:10:31,41,34,0.000004003,0.000003167
355109:7920,07/05/22 20:26:15,35,29,0.000003481,0.000002725
355110:7920,07/05/22 20:39:39,34,28,0.000003366,0.000002686
355111:7920,07/05/22 20:52:47,33,28,0.000003250,0.000002616
355112:7920,07/05/22 21:06:00,33,27,0.000003226,0.000002523
355113:7920,07/05/22 21:18:45,33,27,0.000003309,0.000002493
355114:7920,07/05/22 21:31:31,7,4,0.000000709,0.000000002
355115:7920,07/05/22 21:33:56,6,1,0.000000608,0.000000002
355116:7920,07/05/22 21:35:59,7,5,0.000000711,0.000000002
355117:7920,07/05/22 21:39:25,39,34,0.000003894,0.000003278
355118:7920,07/05/22 21:55:00,31,27,0.000003130,0.000002571
355119:7920,07/05/22 22:07:48,31,27,0.000003107,0.000002595
355120:7920,07/05/22 22:20:31,33,27,0.000003278,0.000002514
355121:7920,07/05/22 22:33:16,42,35,0.000004131,0.000003343
355122:7920,07/05/22 22:49:16,34,28,0.000003479,0.000002763
355123:7920,07/05/22 23:02:21,33,27,0.000003354,0.000002535
355124:7920,07/05/22 23:14:57,34,27,0.000003424,0.000002639
355125:7920,07/05/22 23:27:51,5,3,0.000000502,0.000000002
355126:7920,07/05/22 23:30:17,6,4,0.000000601,0.000000002
355127:7920,07/05/22 23:33:22,47,43,0.000004669,0.000004172
355128:7920,07/05/22 23:52:20,31,27,0.000003191,0.000002658
355129:7920,07/06/22 00:05:00,31,27,0.000003186,0.000002697
355130:7920,07/06/22 00:17:40,270,270,0.000026728,0.000026336
355133:7921,07/06/22 04:34:27,278,274,0.000055398,0.000053704
355134:7921,07/06/22 06:22:12,146,144,0.000031147,0.000029424
355135:7921,07/06/22 07:18:57,1081,1081,0.000213382,0.000206269
355203:7923,07/07/22 02:21:21,18,11,0.000015089,0.000007615
355204:7923,07/07/22 02:27:59,22,14,0.000017958,0.000006100
355205:7923,07/07/22 02:36:28,56,48,0.000046219,0.000029939
355206:7923,07/07/22 02:57:55,244,237,0.000192774,0.000148486
355207:7923,07/07/22 04:32:36,752,749,0.000546245,0.000535227
355208:7923,07/07/22 09:24:31,514,514,0.000391870,0.000384420
355374:7960,07/10/22 14:15:14,52,44,0.000344439,0.000191110
355375:7960,07/10/22 14:35:05,23,6,0.000156476,0.000018751
355376:7960,07/10/22 14:43:45,71,62,0.000477148,0.000232587
355379:7960,07/10/22 15:11:03,170,163,0.001069660,0.000907375
355380:7960,07/10/22 16:16:55,294,265,0.002322540,0.001648687
355381:7960,07/10/22 18:11:05,361,358,0.002607809,0.002136460
355382:7960,07/10/22 20:31:06,108,101,0.000701401,0.000541585
355383:7960,07/10/22 21:13:01,274,274,0.001587421,0.001337698
355404:7963,07/11/22 04:27:34,1079,1068,0.007818294,0.007430061
355405:7963,07/11/22 11:26:35,23,13,0.000145874,0.000056688
355406:7963,07/11/22 11:35:12,29,22,0.000185261,0.000100719
355407:7963,07/11/22 11:46:22,46,42,0.000290578,0.000185398
355408:7963,07/11/22 12:04:02,41,33,0.000254206,0.000147110
355409:7963,07/11/22 12:19:37,9,5,0.000054249,0.000000831
355410:7963,07/11/22 12:22:52,19,12,0.000115570,0.000043621
355411:7963,07/11/22 12:30:12,25,3,0.000151424,0.000001133
355414:7963,07/11/22 12:39:54,19,12,0.000114092,0.000042833
355415:7963,07/11/22 12:47:11,23,4,0.000136866,0
355417:7963,07/11/22 12:55:58,26,12,0.000153234,0.000046073
355418:7963,07/11/22 13:05:52,47,41,0.000272582,0.000230946
355419:7963,07/11/22 13:24:08,124,109,0.000517370,0.000502934
355429:7965,07/11/22 16:40:20,67,67,0.000426491,0.000390743
355435:7966,07/11/22 19:19:12,61,48,0.000485575,0.000264536
355437:7966,07/11/22 19:42:46,15,10,0.000121172,0.000055270
355438:7966,07/11/22 19:48:31,21,17,0.000175186,0.000092201
355439:7966,07/11/22 19:56:22,16,11,0.000131541,0.000058689
355440:7966,07/11/22 20:02:31,11,4,0.000089999,0.000000079
355441:7966,07/11/22 20:06:31,20,14,0.000165864,0.000080633
355442:7966,07/11/22 20:14:11,29,22,0.000240114,0.000133208
355443:7966,07/11/22 20:25:07,243,240,0.002034494,0.001924874
355444:7966,07/11/22 21:59:14,159,154,0.001327124,0.001227795
355445:7966,07/11/22 23:00:53,249,249,0.001602549,0.001550389
355454:7967,07/12/22 03:33:38,105,92,0.000689302,0.000584042
355455:7967,07/12/22 04:14:05,53,39,0.000341663,0.000246658
355456:7967,07/12/22 04:34:24,515,502,0.003112503,0.003066297
355457:7967,07/12/22 07:54:11,236,229,0.000000083,0.000000077
355458:7967,07/12/22 09:25:43,5,3,0.000000001,0
355459:7967,07/12/22 09:27:33,9,4,0.000000003,0
355460:7967,07/12/22 09:31:02,12,6,0.000000003,0
355461:7967,07/12/22 09:35:40,17,7,0.000000005,0
355462:7967,07/12/22 09:41:55,19,6,0.000000006,0
355463:7967,07/12/22 09:49:14,88,88,0.000000020,0.000000019
355558:7969,07/13/22 02:38:06,341,335,0.014531364,0.013477217
355559:7969,07/13/22 04:50:34,255,168,0.010077843,0.006771514
355679:7978,07/14/22 18:56:48,72,64,0.001448948,0.001166112
355680:7978,07/14/22 19:24:25,1660,1660,0.049971177,0.048049219
355768:8007,07/18/22 05:13:25,91,85,0.002844228,0.002451905
355769:8007,07/18/22 05:48:39,549,549,0.016798550,0.015885153
355862:8016,07/19/22 20:08:10,30,23,0.001829205,0.001201046
355863:8016,07/19/22 20:19:43,23,14,0.001377529,0.000737608
355865:8016,07/19/22 20:28:32,321,321,0.016240892,0.015583654
355870:8017,07/20/22 00:59:37,47,45,0.002412761,0.002072402
355871:8017,07/20/22 01:17:54,18,14,0.000983187,0.000492324
355872:8017,07/20/22 01:24:45,1228,1228,0.079157560,0.070226506
355892:8018,07/20/22 12:19:59,199,199,0.011560404,0.011068149
355912:8019,07/20/22 16:17:20,167,162,0.010580736,0.009218470
355913:8019,07/20/22 17:22:09,106,106,0.006321538,0.005841851
355921:8020,07/20/22 20:48:52,412,409,0.024788020,0.022958599
355933:8022,07/21/22 03:54:49,405,405,0.002378274,0.001617021
355942:8023,07/21/22 08:45:12,197,197,0.001665204,0.001561944
355988:8027,07/22/22 01:02:22,56,51,0.004437196,0.003189921
355989:8027,07/22/22 01:23:47,33,24,0.003185177,0.001268138
355990:8027,07/22/22 01:36:35,36,26,0.003731061,0.001670850
355991:8027,07/22/22 01:50:31,57,53,0.004822580,0.004181215
355992:8027,07/22/22 02:12:39,21,17,0.002109744,0.001556516
355993:8027,07/22/22 02:20:32,86,80,0.008440885,0.006903292
355994:8027,07/22/22 02:53:55,31,24,0.002887649,0.001770171
355995:8027,07/22/22 03:05:57,12,4,0.001101226,0.000015719
355996:8027,07/22/22 03:10:17,27,23,0.002494316,0.001720285
355997:8027,07/22/22 03:20:41,39,26,0.003530322,0.002132350
355998:8027,07/22/22 03:35:51,40,35,0.003508548,0.002649537
355999:8027,07/22/22 03:51:17,17,9,0.001456298,0.000646332
356001:8027,07/22/22 03:57:33,33,23,0.002839045,0.001817908
356002:8027,07/22/22 04:10:02,11,5,0.000917504,0.000353232
356003:8027,07/22/22 04:14:17,283,273,0.022220995,0.020930504
356004:8027,07/22/22 06:04:14,28,20,0.002085871,0.001389064
356005:8027,07/22/22 06:14:46,194,194,0.013030831,0.012538656
356041:8030,07/22/22 19:52:29,4,0,0.000413520,0
356042:8030,07/22/22 19:54:03,16,10,0.001125775,0.000000840
356043:8030,07/22/22 20:00:07,91,65,0.009813182,0.005587474
356046:8030,07/22/22 20:35:17,87,79,0.010768559,0.009439613
356047:8030,07/22/22 21:08:53,18,10,0.002224967,0.001043526
356048:8030,07/22/22 21:15:47,16,16,0.000471133,0.000348537
356071:8033,07/23/22 14:41:42,383,366,0.044789728,0.039034084
356073:8033,07/23/22 17:10:12,28,20,0.003345072,0.002124399
356074:8033,07/23/22 17:21:04,93,81,0.011247964,0.009318586
356075:8033,07/23/22 17:57:05,155,146,0.018849279,0.014000683
356076:8033,07/23/22 18:56:57,159,152,0.019511394,0.017147608
356077:8033,07/23/22 19:58:32,479,479,0.052584550,0.050375076
356135:8043,07/25/22 13:05:49,45,45,0.003844852,0.003400059
356155:8046,07/25/22 19:44:11,2,0,0.000240155,0
356158:8046,07/25/22 19:44:57,46,5,0.005373372,0.000000018
356161:8046,07/25/22 20:02:42,8,4,0.000911500,0.000000009
356162:8046,07/25/22 20:05:36,37,17,0.004128982,0.001836698
356163:8046,07/25/22 20:19:46,28,20,0.003187164,0.002092103
356164:8046,07/25/22 20:30:38,79,73,0.012447187,0.011408479
356165:8046,07/25/22 21:01:11,85,70,0.013242554,0.010862352
356170:8046,07/25/22 21:34:01,26,3,0.003931117,0.000292016
356174:8046,07/25/22 21:44:07,7,3,0.001046680,0.000268760
356175:8046,07/25/22 21:46:32,16,1,0.001012379,0.000015262
356177:8046,07/25/22 21:52:27,7,7,0,0
356309:8057,07/27/22 19:55:16,131,131,0.012013571,0.011129693
356316:8058,07/27/22 23:39:15,187,187,0.011579794,0.011309312
356321:8059,07/28/22 02:59:10,93,87,0.010821238,0.009178372
356322:8059,07/28/22 03:35:06,26,19,0.003112618,0.002064846
356323:8059,07/28/22 03:45:01,656,656,0.075951049,0.072194113
356371:8062,07/28/22 18:45:47,36,36,0.004006434,0.002975206
356375:8063,07/28/22 21:03:54,161,149,0.022011870,0.016049581
356377:8063,07/28/22 22:06:09,4,2,0.000619120,0.000024802
356378:8063,07/28/22 22:07:42,317,304,0.046466888,0.042518803
356381:8063,07/29/22 00:10:47,1220,1193,0.135765558,0.131360427
356383:8063,07/29/22 08:04:41,46,36,0.004030764,0.003032139
356384:8063,07/29/22 08:22:20,11,3,0.000965080,0.000010255
356385:8063,07/29/22 08:26:25,38,31,0.003305446,0.002492206
356386:8063,07/29/22 08:41:02,135,135,0.009333494,0.009179103
356426:8067,07/29/22 15:49:44,35,30,0.005069106,0.002850876
356427:8067,07/29/22 16:03:18,22,14,0.003523848,0.001824722
356428:8067,07/29/22 16:11:32,471,462,0.076363422,0.071867066
356431:8067,07/29/22 19:14:17,7,2,0.001188483,0.000062547
356432:8067,07/29/22 19:16:47,10,2,0.001706229,0.000040234
356433:8067,07/29/22 19:20:28,316,310,0.050573035,0.047882330
356434:8067,07/29/22 21:22:54,21,13,0.003148755,0.001716761
356435:8067,07/29/22 21:31:01,14,8,0.002082477,0.000889646
356436:8067,07/29/22 21:36:07,18,18,0.001743361,0.001702458
356446:8068,07/30/22 00:05:07,620,620,0.096010974,0.092929006
356466:8072,07/30/22 11:56:01,258,252,0.038674734,0.035999103
356467:8072,07/30/22 13:36:15,274,266,0.043055160,0.035881161
356468:8072,07/30/22 15:22:32,7,3,0.001102055,0.000069861
356469:8072,07/30/22 15:25:06,122,109,0.019046285,0.014092281
356470:8072,07/30/22 16:12:23,20,3,0.003162970,0.000000060
356471:8072,07/30/22 16:20:00,25,7,0.003915910,0.000899673
356472:8072,07/30/22 16:29:33,76,68,0.010332070,0.009291874
356473:8072,07/30/22 16:58:57,160,143,0.024168373,0.020735375
356474:8072,07/30/22 18:00:58,28,21,0.004095669,0.002788868
356475:8072,07/30/22 18:11:35,6,3,0.000879082,0.000006201
356476:8072,07/30/22 18:13:40,41,28,0.005916001,0.003648881
356478:8072,07/30/22 18:29:15,679,671,0.085264309,0.082375665
356479:8072,07/30/22 22:52:47,9,3,0.000986251,0.000000003
356480:8072,07/30/22 22:55:56,16,8,0.001754847,0.000000003
356481:8072,07/30/22 23:02:07,221,221,0.021613101,0.021373358
356488:8073,07/31/22 02:47:34,240,233,0.036162195,0.033582037
356489:8073,07/31/22 04:20:33,489,489,0.073697104,0.070671767
356523:8076,07/31/22 20:50:55,910,903,0.172022485,0.167261964
356524:8076,08/01/22 02:44:06,23,16,0.004165832,0.000106443
356525:8076,08/01/22 02:52:59,18,14,0.003235690,0.000169209
356526:8076,08/01/22 02:59:51,27,15,0.004815558,0.000188797
356527:8076,08/01/22 03:10:20,18,11,0.003181267,0.000071360
356528:8076,08/01/22 03:17:20,21,13,0.003679902,0.000145328
356529:8076,08/01/22 03:25:29,86,22,0.014699783,0.000143392
356530:8076,08/01/22 03:58:33,31,11,0.005182490,0.001468341
356531:8076,08/01/22 04:10:15,66,66,0.009119290,0.008972442
356563:8078,08/01/22 16:48:31,312,312,0.055965863,0.054812698
356568:8079,08/01/22 20:52:00,34,25,0.004760081,0.003385807
356569:8079,08/01/22 21:05:00,264,250,0.049638258,0.045325918
356570:8079,08/01/22 22:47:20,109,109,0.019518265,0.019096323
356576:8081,08/02/22 07:10:44,191,184,0.028706746,0.026172237
356577:8081,08/02/22 08:24:41,39,31,0.007558113,0.005691279
356578:8081,08/02/22 08:39:29,880,865,0.159784211,0.154532409
356580:8081,08/02/22 14:21:24,57,50,0.008956674,0.007737180
356581:8081,08/02/22 14:43:21,104,93,0.016004981,0.008922086
356582:8081,08/02/22 15:23:37,104,104,0.015308584,0.015143470
356613:8083,08/02/22 20:10:28,41,36,0.004403621,0.003195641
356614:8083,08/02/22 20:26:15,70,62,0.012994684,0.008924376
356615:8083,08/02/22 20:53:13,1306,1297,0.236929012,0.231009012
356616:8083,08/03/22 05:20:23,12,8,0.001775177,0.000000002
356617:8083,08/03/22 05:24:55,8,2,0.001186802,0.000000002
356618:8083,08/03/22 05:27:47,9,2,0.001309635,0.000000002
356619:8083,08/03/22 05:31:02,201,201,0.024261009,0.023994573
356709:8087,08/04/22 00:03:47,128,128,0.025231001,0.016952745
356719:8088,08/04/22 03:05:17,896,891,0.211429512,0.204387399
356720:8088,08/04/22 08:53:24,107,99,0.025361619,0.022701304
356721:8088,08/04/22 09:34:55,39,33,0.008999533,0.006722006
356722:8088,08/04/22 09:49:52,586,586,0.115955147,0.113718720
356788:8091,08/04/22 21:35:16,138,130,0.036962276,0.032730343
356789:8091,08/04/22 22:28:38,118,118,0.031316399,0.030352564
356810:8094,08/05/22 04:19:24,139,133,0.031769877,0.028725604
356811:8094,08/05/22 05:13:06,59,52,0.017811310,0.014819204
356812:8094,08/05/22 05:35:55,121,115,0.034904249,0.031865030
356813:8094,08/05/22 06:22:46,68,62,0.018856244,0.016362990
356814:8094,08/05/22 06:48:52,680,672,0.161526398,0.156811891
356815:8094,08/05/22 11:13:01,222,219,0.044027558,0.042702715
356824:8094,08/05/22 12:39:04,72,66,0.011541526,0.009487013
356825:8094,08/05/22 13:06:54,8,8,0.000649235,0.000538965
356902:8098,08/06/22 03:12:57,38,30,0.009419280,0.000515856
356906:8098,08/06/22 03:27:24,7,3,0.001877662,0.000440575
356908:8098,08/06/22 03:30:07,33,33,0.007645126,0.007133667
356919:8099,08/06/22 05:55:58,101,101,0.022458063,0.021463012
356937:8100,08/06/22 16:01:53,125,125,0.029871346,0.028524002
356943:8102,08/06/22 19:25:42,206,199,0.062358607,0.056085956
356944:8102,08/06/22 20:45:27,38,23,0.012787892,0.005217749
356945:8102,08/06/22 21:00:13,136,128,0.040060210,0.036006186
356946:8102,08/06/22 21:52:44,138,129,0.041305605,0.034507331
356947:8102,08/06/22 22:46:12,355,350,0.096053284,0.090602295
356948:8102,08/07/22 01:03:58,94,88,0.023003221,0.019945891
356949:8102,08/07/22 01:40:25,116,110,0.027137079,0.024717622
356950:8102,08/07/22 02:25:07,12,7,0.002781081,0.000001911
356951:8102,08/07/22 02:29:25,289,284,0.063102254,0.060485106
356952:8102,08/07/22 04:21:23,9,4,0.001865756,0.000000003
356953:8102,08/07/22 04:24:46,11,6,0.002264492,0.000000002
356954:8102,08/07/22 04:28:59,368,365,0.070957097,0.067964381
356955:8102,08/07/22 06:51:58,383,380,0.065036273,0.063311520
356956:8102,08/07/22 09:20:44,119,119,0.016195747,0.015912092
356968:8103,08/07/22 12:59:20,194,187,0.055157690,0.051017740
356969:8103,08/07/22 14:14:36,243,236,0.071740142,0.066250781
356970:8103,08/07/22 15:48:42,381,371,0.097392120,0.094907617
356977:8103,08/07/22 18:16:23,29,29,0,0
356997:8106,08/08/22 07:45:05,132,125,0.038671672,0.034049288
356998:8106,08/08/22 08:36:19,21,16,0.006900853,0.004579245
356999:8106,08/08/22 08:44:07,62,58,0.019973299,0.016770473
357000:8106,08/08/22 09:08:08,55,50,0.013485535,0.010918030
357001:8106,08/08/22 09:29:31,212,200,0.052590117,0.050873486
357005:8106,08/08/22 10:51:33,50,4,0,0
357059:8108,08/08/22 18:49:29,5,5,0.000077940,0.000071406
357070:8111,08/09/22 02:58:16,16,16,0.001276595,0.001105741
357076:8112,08/09/22 04:54:58,13,8,0.002590926,0.000916147
357077:8112,08/09/22 04:59:44,96,91,0.030928545,0.027325264
357078:8112,08/09/22 05:36:49,169,163,0.063495085,0.057639835
357079:8112,08/09/22 06:42:08,28,22,0.009801601,0.007410199
357080:8112,08/09/22 06:52:58,669,662,0.213065319,0.203779274
357081:8112,08/09/22 11:12:46,766,766,0.180206745,0.176532357
357096:8113,08/09/22 18:54:25,18,12,0.004702927,0.002141884
357098:8113,08/09/22 19:01:25,79,71,0.021577361,0.017622008
357100:8113,08/09/22 19:32:07,48,44,0.018033417,0.015107427
357101:8113,08/09/22 19:50:32,151,130,0.051479388,0.041431017
357102:8113,08/09/22 20:48:55,142,138,0.049270469,0.042869058
357103:8113,08/09/22 21:44:00,41,35,0.013565816,0.010650349
357104:8113,08/09/22 21:59:35,13,5,0.004248720,0.001398454
357105:8113,08/09/22 22:04:24,56,50,0.017937167,0.014879683
357106:8113,08/09/22 22:26:05,66,60,0.020659049,0.017022677
357110:8113,08/09/22 22:51:38,35,28,0.010720453,0.007578062
357112:8113,08/09/22 23:05:03,534,534,0.140533868,0.134186514
357268:8115,08/10/22 21:33:13,86,76,0.027690580,0.021418321
357269:8115,08/10/22 22:06:16,7,2,0.002680360,0.000091967
357270:8115,08/10/22 22:09:00,5,2,0.001903208,0.000070931
357271:8115,08/10/22 22:10:57,1584,1584,0.450165401,0.419328601
357328:8118,08/11/22 21:45:10,73,64,0.022483586,0.016740320
357329:8118,08/11/22 22:13:21,673,669,0.233431918,0.217219314
357330:8118,08/12/22 02:34:27,165,157,0.048587778,0.042451168
357331:8118,08/12/22 03:38:29,31,24,0.008722218,0.005561528
357332:8118,08/12/22 03:50:29,440,430,0.112700247,0.097900887
357333:8118,08/12/22 06:41:18,217,217,0.046019819,0.043887062
357401:8120,08/12/22 20:56:39,626,626,0.172398558,0.167685650
357406:8121,08/13/22 04:46:57,154,154,0.035453248,0.033557331
357438:8124,08/13/22 16:36:38,227,198,0.077950300,0.061987491
357440:8124,08/13/22 18:04:46,362,354,0.123145628,0.113610385
357441:8124,08/13/22 20:25:23,97,84,0.029615121,0.024800583
357442:8124,08/13/22 21:03:01,1386,1386,0.320147247,0.311593572
357447:8125,08/14/22 08:44:57,25,25,0.003018150,0.002657274
357472:8128,08/14/22 20:41:14,32,32,0.007986853,0.007509531
357478:8128,08/15/22 05:48:55,15,10,0.004327752,0.001893546
357479:8128,08/15/22 05:54:43,1065,1046,0.349945619,0.327925714
357482:8128,08/15/22 12:48:28,237,237,0.055145453,0.050109537
357538:8132,08/15/22 22:36:32,33,28,0.008684413,0.005891716
357539:8132,08/15/22 22:49:05,16,8,0.004224421,0.000361754
357540:8132,08/15/22 22:54:59,6,2,0.001709195,0.000075285
357542:8132,08/15/22 22:57:04,260,252,0.095268157,0.083668372
357550:8132,08/16/22 00:37:57,37,37,0.012845617,0.011725287
357610:8136,08/17/22 07:34:00,197,192,0.049725782,0.045322512
357611:8136,08/17/22 08:50:12,419,412,0.117332694,0.110069209
357612:8136,08/17/22 11:32:56,746,736,0.163689014,0.155255835
357613:8136,08/17/22 16:22:26,270,265,0.046660007,0.045516370
357687:8142,08/19/22 02:51:06,72,24,0.020343708,0.000450922
357688:8142,08/19/22 03:18:59,386,386,0.139184286,0.128937007
357696:8143,08/19/22 08:52:59,391,382,0.143783529,0.129671585
357697:8143,08/19/22 11:24:42,82,78,0.029021719,0.025227048
357698:8143,08/19/22 11:56:20,70,63,0.023881613,0.018517336
357699:8143,08/19/22 12:23:21,35,30,0.011586862,0.009171002
357700:8143,08/19/22 12:36:51,766,758,0.216217085,0.208245303
357701:8143,08/19/22 17:34:11,410,344,0.091667223,0.069067064
357704:8143,08/19/22 20:13:10,92,86,0.019045042,0.017230109
357705:8143,08/19/22 20:48:46,213,203,0.042007154,0.038450728
357706:8143,08/19/22 22:11:20,173,173,0.028882206,0.028103632
357720:8144,08/20/22 01:21:32,87,87,0.022473124,0.020580988
357732:8146,08/20/22 12:01:09,138,130,0.050850804,0.041170674
357733:8146,08/20/22 12:54:39,26,15,0.011263714,0.005122735
357734:8146,08/20/22 13:04:44,304,300,0.118514693,0.108482922
357735:8146,08/20/22 15:02:37,1131,1131,0.329995868,0.318547990
357754:8147,08/21/22 00:52:12,123,119,0.040197262,0.033522632
357755:8147,08/21/22 01:39:45,13,5,0.005446810,0
357756:8147,08/21/22 01:44:38,429,425,0.159079955,0.147894404
357757:8147,08/21/22 04:31:13,16,9,0.005358914,0.002110935
357758:8147,08/21/22 04:37:20,91,85,0.029717536,0.025170244
357759:8147,08/21/22 05:12:43,90,70,0.027087850,0.020434599
357760:8147,08/21/22 05:47:42,2,2,0,0
357766:8148,08/21/22 09:27:00,146,141,0.054436086,0.045885842
357767:8148,08/21/22 10:23:41,44,17,0.018942096,0.005848086
357769:8148,08/21/22 10:40:25,38,19,0.015941032,0.006691042
357770:8148,08/21/22 10:54:49,80,32,0.032724996,0.011888510
357771:8148,08/21/22 11:25:42,152,129,0.058292040,0.047836131
357776:8148,08/21/22 12:24:33,569,562,0.184854368,0.174693367
357777:8148,08/21/22 16:05:36,97,86,0.027119093,0.023178791
357778:8148,08/21/22 16:43:18,367,358,0.093220214,0.086924521
357779:8148,08/21/22 19:05:47,90,81,0.020989432,0.016853642
357780:8148,08/21/22 19:40:37,11,2,0.002537095,0.000103926
357781:8148,08/21/22 19:44:36,20,20,0.002241842,0.002078630
357802:8149,08/21/22 22:58:51,171,166,0.059831490,0.053266824
357803:8149,08/22/22 00:05:02,160,154,0.058265449,0.052605272
357804:8149,08/22/22 01:06:52,28,23,0.010202010,0.007676499
357805:8149,08/22/22 01:17:38,93,88,0.033068394,0.029522769
357806:8149,08/22/22 01:53:44,70,65,0.021748846,0.018219063
357807:8149,08/22/22 02:20:46,250,244,0.083382624,0.077760803
357808:8149,08/22/22 03:57:54,23,17,0.007164420,0.004306084
357809:8149,08/22/22 04:06:38,44,41,0.013630132,0.012018093
357812:8149,08/22/22 04:23:37,53,50,0.016122531,0.014521098
357813:8149,08/22/22 04:44:13,296,293,0.083976385,0.079167041
357814:8149,08/22/22 06:39:13,220,212,0.056512992,0.050887257
357815:8149,08/22/22 08:04:22,950,950,0.199162842,0.193992442
357885:8151,08/23/22 01:40:35,101,98,0.025435065,0.021822241
357886:8151,08/23/22 02:19:45,9,6,0.003204106,0.001329672
357887:8151,08/23/22 02:22:58,11,8,0.004086457,0.002116496
357888:8151,08/23/22 02:27:05,9,5,0.003381729,0.001285947
357889:8151,08/23/22 02:30:29,16,10,0.005974143,0.002503145
357890:8151,08/23/22 02:36:27,29,23,0.010689699,0.006508898
357891:8151,08/23/22 02:47:38,45,41,0.016272055,0.013365642
357892:8151,08/23/22 03:04:53,38,30,0.013883738,0.010066573
357893:8151,08/23/22 03:19:40,19,15,0.006913500,0.003618701
357894:8151,08/23/22 03:26:44,32,27,0.011690760,0.007364915
357895:8151,08/23/22 03:39:07,56,52,0.020954796,0.015579924
357896:8151,08/23/22 04:00:40,19,15,0.006973038,0.004427292
357897:8151,08/23/22 04:07:52,49,18,0.017467161,0.005524957
357898:8151,08/23/22 04:26:33,316,313,0.113413683,0.105085095
357899:8151,08/23/22 06:29:12,642,638,0.196740225,0.186117035
357900:8151,08/23/22 10:38:20,534,531,0.127216919,0.120697457
359268:8177,09/23/22 18:44:08,347,332,0.000042510,0.000040120
359270:8177,09/23/22 20:58:37,166,166,0.000018968,0.000018689
359278:8178,09/24/22 00:21:33,36,30,0.000007905,0.000005890
359279:8178,09/24/22 00:35:28,41,35,0.000014931,0.000012290
359280:8178,09/24/22 00:51:24,44,41,0.000017016,0.000015414
359281:8178,09/24/22 01:08:08,44,37,0.000017008,0.000014039
359282:8178,09/24/22 01:25:12,1985,1977,0.000367652,0.000359558
359283:8178,09/24/22 14:16:19,22,13,0.000009059,0.000004896
359284:8178,09/24/22 14:24:46,13,7,0.000005356,0.000002678
359285:8178,09/24/22 14:29:47,22,1,0.000009067,0.000000279
359286:8178,09/24/22 14:38:10,222,215,0.000091707,0.000086926
359287:8178,09/24/22 16:04:22,80,77,0.000026732,0.000024955
359288:8178,09/24/22 16:35:13,199,186,0.000035203,0.000029250
359289:8178,09/24/22 17:52:15,1011,997,0.000328559,0.000319040
359291:8178,09/25/22 00:24:49,1240,1227,0.000514309,0.000497862
359293:8178,09/25/22 08:26:13,204,201,0.000085486,0.000082968
359294:8178,09/25/22 09:45:15,1202,1188,0.000308617,0.000299617
359296:8178,09/25/22 17:32:02,417,410,0.000135179,0.000130534
359297:8178,09/25/22 20:13:50,2083,2083,0.000799934,0.000789506
359342:8181,09/26/22 17:53:44,13,9,0.000004922,0.000002508
359343:8181,09/26/22 17:58:32,553,553,0.000219983,0.000209566
359356:8184,09/27/22 02:27:37,36,36,0.000002476,0.000002374
359568:8210,09/29/22 16:22:17,47,38,0.000763464,0.000593441
359569:8210,09/29/22 16:40:17,91,83,0.001462777,0.001313404
359570:8210,09/29/22 17:15:29,36,19,0.000573558,0.000284938
359571:8210,09/29/22 17:29:19,185,168,0.002906470,0.002469080
359575:8210,09/29/22 18:41:25,102,89,0.001578892,0.001306669
359576:8210,09/29/22 19:21:00,58,47,0.000888859,0.000678906
359577:8210,09/29/22 19:43:13,46,35,0.000699227,0.000524222
359578:8210,09/29/22 20:00:50,45,35,0.000678122,0.000514355
359579:8210,09/29/22 20:18:17,43,32,0.000956782,0.000668939
359580:8210,09/29/22 20:34:42,43,33,0.001085729,0.000804112
359581:8210,09/29/22 20:51:17,43,32,0.001069966,0.000784485
359582:8210,09/29/22 21:07:49,50,34,0.001228797,0.000780715
359584:8210,09/29/22 21:27:04,44,33,0.001062677,0.000740845
359585:8210,09/29/22 21:44:00,231,231,0.002929431,0.002862831
359595:8211,09/30/22 02:53:03,289,276,0.006570549,0.006253397
359597:8211,09/30/22 04:45:13,106,106,0.002292921,0.002237333
359599:8212,09/30/22 07:21:39,8,0,0.000578197,0
359602:8212,09/30/22 07:24:24,84,74,0.006866486,0.005432578
359603:8212,09/30/22 07:56:50,23,11,0.002255888,0.001044233
359604:8212,09/30/22 08:05:26,20,10,0.001946734,0.000894266
359605:8212,09/30/22 08:13:01,22,18,0.002099178,0.001362380
359606:8212,09/30/22 08:21:31,9,3,0.000861541,0
359607:8212,09/30/22 08:24:49,50,50,0.004798009,0.004652447
359608:8212,09/30/22 09:21:02,95,95,0.008054289,0.007879709
359609:8212,09/30/22 10:00:32,32,25,0.002614448,0.001672407
359610:8212,09/30/22 10:12:56,30,21,0.002414286,0.000221392
359611:8212,09/30/22 10:24:14,20,2,0.001573017,0.000018031
359612:8212,09/30/22 10:31:57,24,12,0.001888800,0.000759440
359614:8212,09/30/22 10:40:56,5,5,0.000390661,0.000390311
359661:8214,09/30/22 16:54:06,83,83,0.009771216,0.009254340
359681:8216,09/30/22 22:47:14,3,0,0.000359921,0
359682:8216,09/30/22 22:48:12,14,2,0.001667868,0.000002193
359683:8216,09/30/22 22:53:32,21,17,0.002708512,0.000120008
359684:8216,09/30/22 23:01:34,166,159,0.028286871,0.026857914
359685:8216,10/01/22 00:05:59,170,141,0.026738746,0.020881736
359686:8216,10/01/22 01:11:45,942,942,0.114490793,0.113620681
359691:8220,10/01/22 12:46:03,222,149,0.069874735,0.036863956
359693:8220,10/01/22 14:12:09,622,614,0.172534159,0.162174475
359694:8220,10/01/22 18:13:37,1093,1093,0.221400030,0.216175284
359699:8221,10/02/22 04:39:03,1969,1969,0.439803279,0.426055290
359717:8222,10/02/22 20:37:50,347,341,0.132581506,0.124578243
359718:8222,10/02/22 22:52:32,373,373,0.127875926,0.122437334
359750:8223,10/03/22 13:37:49,199,193,0.076263351,0.060309912
359751:8223,10/03/22 14:54:53,1013,1013,0.322946665,0.309591251
359762:8225,10/04/22 01:14:27,242,237,0.090298598,0.084045159
359763:8225,10/04/22 02:48:18,481,474,0.163315087,0.154701086
359764:8225,10/04/22 05:54:57,1124,1124,0.273165014,0.263387851
359776:8226,10/04/22 15:35:02,335,335,0.000214888,0.000212878
359806:8228,10/05/22 00:41:41,393,371,0.158971857,0.143369172
359808:8228,10/05/22 03:14:08,49,46,0.018857445,0.016455101
359809:8228,10/05/22 03:32:58,47,44,0.017687476,0.015329860
359810:8228,10/05/22 03:51:08,201,184,0.071341436,0.062054692
359812:8228,10/05/22 05:09:00,244,228,0.079046293,0.070242996
359813:8228,10/05/22 06:43:40,15,6,0.004593580,0.000000244
359814:8228,10/05/22 06:49:10,383,383,0.104234975,0.100484772
359868:8230,10/05/22 20:53:52,16,8,0.005611409,0.000694620
359869:8230,10/05/22 20:59:48,17,10,0.006424158,0.000000363
359870:8230,10/05/22 21:06:14,20,13,0.008311596,0.003016274
359871:8230,10/05/22 21:13:55,277,243,0.103901065,0.097958073
359887:8232,10/06/22 07:07:33,487,487,0.000318457,0.000316240
359899:8233,10/06/22 12:24:34,297,289,0.008558410,0.007739241
359901:8233,10/06/22 14:19:42,22,7,0.000587172,0.000000023
359903:8233,10/06/22 14:28:03,41,31,0.001073995,0.000419071
359904:8233,10/06/22 14:43:43,24,16,0.000620394,0.000000021
359905:8233,10/06/22 14:53:02,20,6,0.000515155,0.000036364
359998:8236,10/07/22 18:17:45,1907,1907,0.598645305,0.576657109
360017:8238,10/08/22 13:21:01,65,53,0.016445595,0.012992252
360018:8238,10/08/22 13:46:06,20,12,0.006026756,0.003201157
360019:8238,10/08/22 13:53:37,1513,1513,0.482604449,0.465863600
360075:8245,10/09/22 22:40:46,856,794,0.345160535,0.308738805
360088:8245,10/10/22 04:13:18,328,314,0.106970076,0.098964661
360090:8245,10/10/22 06:20:43,804,804,0.206920433,0.200044001
360116:8247,10/10/22 15:52:55,433,407,0.173613466,0.152198865
360121:8247,10/10/22 18:41:07,12,4,0.005136813,0.000000116
360122:8247,10/10/22 18:45:29,6,3,0.002596330,0.000232325
360123:8247,10/10/22 18:47:48,6,2,0.002585428,0.000073918
360124:8247,10/10/22 18:49:51,8,1,0.003433738,0.000140911
360125:8247,10/10/22 18:52:44,331,324,0.130383790,0.121156905
360126:8247,10/10/22 21:01:15,375,370,0.126647876,0.119669561
360127:8247,10/10/22 23:26:55,205,201,0.061091040,0.057739014
360128:8247,10/11/22 00:46:22,180,172,0.049988880,0.044027649
360129:8247,10/11/22 01:56:02,56,50,0.014948562,0.000000350
360130:8247,10/11/22 02:17:44,99,91,0.025645541,0.022414012
360131:8247,10/11/22 02:56:13,390,390,0.089937746,0.087370717
360141:8248,10/11/22 07:31:12,759,759,0.304319847,0.290185225
360224:8253,10/12/22 03:08:06,243,227,0.094501081,0.080865189
360225:8253,10/12/22 04:42:17,369,369,0.150648857,0.140058708
360295:8260,10/13/22 04:44:16,1450,1443,0.543644807,0.517464588
360296:8260,10/13/22 14:07:36,533,533,0.137738076,0.133030368
360327:8263,10/14/22 02:25:36,357,357,0.138739035,0.132317078
360390:8267,10/14/22 22:28:53,85,82,0.033031108,0.029494876
360391:8267,10/14/22 23:01:37,23,13,0.009820502,0.001747865
360392:8267,10/14/22 23:10:16,68,65,0.028358006,0.024097497
360393:8267,10/14/22 23:36:29,157,157,0.052177632,0.048985637
360400:8269,10/15/22 04:46:53,87,87,0.025536614,0.024300205
360413:8272,10/15/22 11:29:51,110,101,0.040654416,0.036273395
360414:8272,10/15/22 12:12:36,6,6,0,0
360428:8273,10/15/22 15:02:15,85,82,0.033825294,0.028136070
360429:8273,10/15/22 15:35:04,11,4,0.004452143,0
360430:8273,10/15/22 15:39:11,37,20,0.015804064,0.000000145
360432:8273,10/15/22 15:53:32,39,32,0.016472576,0.011368437
360433:8273,10/15/22 16:08:37,8,4,0.003333469,0.000000033
360434:8273,10/15/22 16:11:33,11,4,0.004550515,0
360435:8273,10/15/22 16:15:34,78,60,0.032464880,0.019788625
360437:8273,10/15/22 16:45:40,51,44,0.021488424,0.016295282
360438:8273,10/15/22 17:05:14,77,61,0.031782709,0.019292393
360439:8273,10/15/22 17:34:51,21,15,0.008651051,0.005588137
360440:8273,10/15/22 17:42:46,12,6,0.005170550,0.002098154
360441:8273,10/15/22 17:47:09,152,145,0.064182402,0.058497827
360442:8273,10/15/22 18:46:07,141,102,0.056461777,0.039600697
360444:8273,10/15/22 19:40:40,9,3,0.000434055,0.000000015
360445:8273,10/15/22 19:44:00,12,12,0,0
360458:8274,10/15/22 22:23:50,215,207,0.080851963,0.070338042
360459:8274,10/15/22 23:47:03,1344,1339,0.477955079,0.455253096
360460:8274,10/16/22 08:28:58,1088,1088,0.240867320,0.233062735
360486:8276,10/16/22 19:00:52,451,433,0.185330699,0.160048274
360490:8276,10/16/22 21:56:06,1203,1199,0.389589110,0.370978468
360491:8276,10/17/22 05:43:11,191,191,0.043226577,0.041331261
360737:8289,10/19/22 12:34:59,25,25,0.000980651,0.000925137
360761:8293,10/19/22 17:02:11,164,164,0.009319078,0.009128266
360794:8295,10/20/22 01:56:45,691,684,0.284504098,0.266350235
360795:8295,10/20/22 06:25:12,416,412,0.155536697,0.147623043
360796:8295,10/20/22 09:06:44,561,556,0.168493627,0.160548789
360797:8295,10/20/22 12:44:41,17,17,0.002895755,0.002523479
360819:8297,10/20/22 15:45:03,11,3,0.004119985,0
360820:8297,10/20/22 15:48:59,899,892,0.368796106,0.345405598
360821:8297,10/20/22 21:38:13,103,9,0.037502292,0.000000089
360825:8297,10/20/22 22:18:00,366,359,0.121334171,0.113198388
360826:8297,10/21/22 00:40:05,132,132,0.035868394,0.033771484
360856:8299,10/21/22 13:12:32,62,62,0.003213057,0.003116978
360874:8301,10/21/22 18:53:37,61,54,0.003678855,0.003071563
360875:8301,10/21/22 19:17:17,39,32,0.002523893,0.001961081
360876:8301,10/21/22 19:32:24,414,347,0.024917702,0.021002543
360887:8302,10/22/22 00:36:46,134,125,0.050745700,0.043269223
360888:8302,10/22/22 01:28:39,305,297,0.134581457,0.121785638
360889:8302,10/22/22 03:26:51,43,36,0.018818778,0.008549121
360890:8302,10/22/22 03:43:25,540,519,0.209038760,0.192971598
360892:8302,10/22/22 07:12:51,311,307,0.100433429,0.095479296
360893:8302,10/22/22 09:13:39,34,16,0.010276747,0.004415126
360894:8302,10/22/22 09:26:51,20,13,0.005973533,0.003467611
360895:8302,10/22/22 09:34:19,709,705,0.182137549,0.176019620
360919:8304,10/22/22 18:01:25,803,800,0.339959112,0.320972303
360920:8304,10/22/22 23:13:18,11,4,0.004382651,0.001361331
360921:8304,10/22/22 23:17:35,220,220,0.082272680,0.078626577
360927:8305,10/23/22 03:06:25,1908,1897,0.688471585,0.654898850
360940:8306,10/23/22 17:35:40,13,5,0.002685082,0.000340025
360941:8306,10/23/22 17:40:28,87,76,0.032830700,0.024774096
360942:8306,10/23/22 18:14:08,391,348,0.168455254,0.140452727
360945:8306,10/23/22 20:45:57,108,99,0.046436919,0.038036875
360946:8306,10/23/22 21:27:46,398,369,0.160144593,0.140659414
360948:8306,10/24/22 00:02:16,133,123,0.047735851,0.041288591
360950:8306,10/24/22 00:53:44,730,718,0.220912394,0.209145437
360951:8306,10/24/22 05:37:03,195,195,0.046765084,0.044827438
360991:8307,10/24/22 12:23:17,245,238,0.029105415,0.027148329
360992:8307,10/24/22 13:58:16,107,107,0.011058355,0.010788356
361020:8309,10/24/22 19:05:01,409,404,0.027561959,0.025771749
361032:8309,10/24/22 21:43:40,11,11,0.000717941,0.000717453
361044:8311,10/25/22 02:03:13,134,127,0.052138544,0.046105727
361045:8311,10/25/22 02:55:10,1004,956,0.414860318,0.375170229
361050:8311,10/25/22 09:24:54,25,10,0.008681208,0.003135028
361052:8311,10/25/22 09:34:36,74,65,0.024695073,0.020606209
361053:8311,10/25/22 10:03:04,10,2,0.003231943,0.000060591
361054:8311,10/25/22 10:06:43,500,476,0.146806472,0.130666991
361059:8311,10/25/22 13:20:56,122,122,0.031619096,0.030647358
361083:8312,10/25/22 16:24:28,62,62,0.007839481,0.007370917
361091:8313,10/25/22 18:39:55,405,405,0.054054085,0.052165771
361105:8314,10/26/22 01:35:04,428,422,0.155035136,0.144778372
361106:8314,10/26/22 04:21:10,37,31,0.013489916,0.010532712
361107:8314,10/26/22 04:35:30,162,156,0.060076978,0.054759989
361108:8314,10/26/22 05:38:10,15,7,0.005579821,0.002061992
361110:8314,10/26/22 05:43:42,203,203,0.070761002,0.066391740
361188:8315,10/26/22 20:31:01,146,143,0.062763000,0.054763348
361193:8315,10/26/22 21:27:43,36,29,0.015457829,0.010965603
361195:8315,10/26/22 21:41:33,29,25,0.012584651,0.008013879
361196:8315,10/26/22 21:52:28,16,9,0.006833220,0.000013953
361197:8315,10/26/22 21:58:35,2216,2177,0.752943190,0.677743880
361198:8315,10/27/22 12:19:20,55,55,0.009845850,0.009538958
361223:8316,10/27/22 15:21:29,702,702,0.295131217,0.270918721
361239:8317,10/27/22 22:29:16,1065,1058,0.445548485,0.421144922
361240:8317,10/28/22 05:22:51,1028,1028,0.303347938,0.292035716
361271:8319,10/28/22 14:53:41,16,8,0.003708621,0.000542378
361272:8319,10/28/22 14:59:35,148,131,0.061947570,0.050010596
361280:8319,10/28/22 15:56:59,281,272,0.121411059,0.109621883
361283:8319,10/28/22 17:46:07,40,31,0.017236850,0.010720675
361284:8319,10/28/22 18:01:19,43,43,0.015606248,0.014911744
361297:8320,10/28/22 22:08:38,953,947,0.397181225,0.376704910
361303:8321,10/29/22 08:02:54,2249,2249,0.803643100,0.765083325
361318:8322,10/30/22 01:23:31,465,459,0.199428404,0.187189122
361319:8322,10/30/22 03:23:53,204,198,0.089536472,0.068567060
361320:8322,10/30/22 04:42:46,396,396,0.154263457,0.147756735
361333:8324,10/30/22 11:05:36,315,315,0.126187548,0.120313787
361361:8327,10/31/22 03:35:12,55,48,0.021950576,0.015316403
361362:8327,10/31/22 03:56:28,36,31,0.009723557,0.006330990
361363:8327,10/31/22 04:10:21,34,27,0.014101792,0.007933130
361364:8327,10/31/22 04:23:21,167,160,0.072129067,0.064180933
361365:8327,10/31/22 05:28:09,496,489,0.215913260,0.191586282
361366:8327,10/31/22 08:40:31,206,206,0.079873909,0.074990057
361400:8330,10/31/22 18:19:43,458,458,0.192668032,0.182796101
361417:8331,11/01/22 05:23:57,1644,1644,0.637246240,0.609546752
361443:8333,11/01/22 19:10:45,2282,2282,0.805067288,0.772530526
361468:8334,11/02/22 12:34:23,1899,1899,0.736141159,0.697386962
361475:8335,11/03/22 03:17:05,1241,1241,0.506800477,0.483103896
361512:8342,11/03/22 21:41:49,1549,1549,0.603970626,0.578500064
361569:8345,11/04/22 22:57:13,596,571,0.250503445,0.226663651
361573:8345,11/05/22 02:48:33,319,319,0.127506069,0.121532869
361579:8347,11/05/22 09:30:59,881,873,0.368157199,0.342761319
361580:8347,11/05/22 15:13:00,427,427,0.147807801,0.141479781
361881:8379,11/10/22 01:05:53,20,9,0.000002767,0.000001114
361882:8379,11/10/22 01:13:17,24,11,0.000003324,0.000001314
361883:8379,11/10/22 01:22:30,103,100,0.000014248,0.000013630
361884:8379,11/10/22 02:02:22,57,50,0.000007893,0.000006788
361885:8379,11/10/22 02:24:26,353,339,0.000049288,0.000047082
361886:8379,11/10/22 04:41:29,524,516,0.000058231,0.000056142
361887:8379,11/10/22 08:04:56,403,393,0.000058470,0.000056563
361889:8379,11/10/22 10:41:12,19,12,0.000002781,0.000000750
361890:8379,11/10/22 10:48:23,495,483,0.000073345,0.000071057
361893:8379,11/10/22 14:00:38,586,586,0.000088634,0.000087756
361906:8381,11/10/22 20:32:01,28,4,0.000011487,0.000000805
361909:8381,11/10/22 20:42:49,8,5,0.000003285,0.000001716
361910:8381,11/10/22 20:45:36,69,60,0.000028256,0.000024088
361912:8381,11/10/22 21:12:04,107,100,0.000044073,0.000039895
361913:8381,11/10/22 21:53:32,1554,1527,0.000548235,0.000525166
361915:8381,11/11/22 07:57:13,89,81,0.000023087,0.000019173
361916:8381,11/11/22 08:31:36,73,63,0.000015809,0
361917:8381,11/11/22 08:59:37,294,282,0.000061348,0.000055014
361919:8381,11/11/22 10:53:37,564,551,0.000141275,0.000133842
361921:8381,11/11/22 14:32:35,50,44,0.000021772,0.000018650
361922:8381,11/11/22 14:52:00,229,222,0.000099993,0.000095511
361923:8381,11/11/22 16:20:38,78,64,0.000034016,0.000027232
361925:8381,11/11/22 16:50:48,63,56,0.000027412,0.000023652
361926:8381,11/11/22 17:15:17,11,3,0.000004793,0.000000125
361927:8381,11/11/22 17:19:17,122,102,0.000052873,0.000043423
361929:8381,11/11/22 18:06:20,139,132,0.000060084,0.000055483
361932:8381,11/11/22 19:00:00,32,26,0.000013826,0.000011052
361933:8381,11/11/22 19:12:14,128,128,0.000055151,0.000053861
361948:8383,11/11/22 23:07:11,354,354,0.030382614,0.029500367
361953:8385,11/12/22 04:06:55,46,39,0.013936962,0.010095114
361954:8385,11/12/22 04:24:39,198,190,0.057111183,0.053258886
361955:8385,11/12/22 05:41:18,299,287,0.043029164,0.035668274
361956:8385,11/12/22 07:37:06,149,146,0.047256228,0.044382601
361957:8385,11/12/22 08:34:53,1171,1171,0.334944594,0.324977848
361971:8387,11/12/22 18:50:51,2361,2361,0.842746114,0.807935806
361989:8389,11/13/22 15:15:54,122,117,0.047216856,0.042285116
361990:8389,11/13/22 16:03:08,219,210,0.094443496,0.084157638
361992:8389,11/13/22 17:27:58,15,8,0.006715044,0.000001292
361993:8389,11/13/22 17:33:48,15,5,0.006666063,0.000000407
361994:8389,11/13/22 17:39:23,128,128,0.050484509,0.047540054
362009:8392,11/14/22 09:33:53,38,38,0.005637811,0.004982393
362058:8395,11/14/22 17:00:10,179,173,0.070553117,0.062206924
362059:8395,11/14/22 18:09:39,77,67,0.033004648,0.025344263
362060:8395,11/14/22 18:39:17,96,89,0.041776378,0.035696028
362061:8395,11/14/22 19:16:14,321,314,0.138853323,0.127733370
362062:8395,11/14/22 21:20:50,221,214,0.094264169,0.085308205
362063:8395,11/14/22 22:46:25,137,110,0.053989181,0.035381349
362064:8395,11/14/22 23:39:31,1081,1081,0.326284103,0.314702100
362085:8398,11/15/22 12:02:19,168,158,0.073699965,0.058414697
362087:8398,11/15/22 13:07:32,155,147,0.068351383,0.060705280
362091:8398,11/15/22 14:07:33,1425,1425,0.520175215,0.496253696
362104:8399,11/16/22 02:17:03,130,122,0.049258811,0.041753410
362105:8399,11/16/22 03:07:18,191,184,0.081779957,0.073508935
362106:8399,11/16/22 04:21:10,87,83,0.037309443,0.032470903
362107:8399,11/16/22 04:54:57,799,799,0.329914866,0.314175267
362148:8401,11/16/22 14:18:07,734,722,0.309143014,0.289290533
362152:8401,11/16/22 19:03:13,7,3,0.003110578,0.000191833
362153:8401,11/16/22 19:05:40,152,144,0.066008101,0.057346035
362154:8401,11/16/22 20:04:32,791,791,0.277973482,0.266314035
362159:8402,11/17/22 03:21:39,31,13,0.008714700,0.002171795
362160:8402,11/17/22 03:33:39,9,2,0.003697237,0.000543352
362161:8402,11/17/22 03:36:51,131,124,0.055876695,0.049140482
362163:8402,11/17/22 04:27:43,71,65,0.030537177,0.026361137
362166:8402,11/17/22 04:55:09,344,337,0.148629993,0.137507284
362167:8402,11/17/22 07:08:33,653,653,0.268673719,0.257491712
362433:8456,11/21/22 12:32:34,18,15,0.007881180,0.003472802
362434:8456,11/21/22 12:39:27,10,2,0.004684700,0
362435:8456,11/21/22 12:43:07,26,11,0.013052471,0.001232271
362437:8456,11/21/22 12:53:12,96,93,0.044757576,0.036643018
362438:8456,11/21/22 13:30:09,93,89,0.036982111,0.033126943
362439:8456,11/21/22 14:05:58,1608,1608,0.648711669,0.604714006
362596:8471,11/23/22 21:59:10,45,37,0.015715490,0.009640048
362597:8471,11/23/22 22:16:30,141,141,0.059889388,0.057776057
362613:8474,11/24/22 07:31:28,24,0,0.006955528,0
362614:8474,11/24/22 07:40:41,162,153,0.073539719,0.064278332
362615:8474,11/24/22 08:43:24,161,153,0.077351839,0.067454748
362616:8474,11/24/22 09:45:49,365,358,0.176354086,0.158445146
362617:8474,11/24/22 12:07:16,251,244,0.116910705,0.107721529
362618:8474,11/24/22 13:44:46,282,282,0.110904041,0.102173001
362643:8479,11/24/22 21:53:39,337,337,0.000156423,0.000154240
362653:8484,11/25/22 08:52:25,277,268,0.112605750,0.102628157
362654:8484,11/25/22 10:39:59,53,26,0.023423588,0.010606216
362655:8484,11/25/22 11:00:15,374,356,0.165849594,0.142755843
362656:8484,11/25/22 13:25:27,19,11,0.008192749,0.000000049
362657:8484,11/25/22 13:32:35,214,214,0.083885850,0.080582275
362695:8489,11/26/22 01:41:11,338,335,0.138160953,0.128908922
362696:8489,11/26/22 03:52:11,1731,1724,0.615038298,0.586285610
362697:8489,11/26/22 15:04:33,15,6,0.003726322,0.000013101
362698:8489,11/26/22 15:10:14,383,383,0.085280647,0.082220136
362720:8491,11/26/22 23:58:15,908,905,0.376684926,0.355942781
362721:8491,11/27/22 05:50:57,10,4,0.004294075,0.000000201
362722:8491,11/27/22 05:54:28,9,3,0.003819415,0
362723:8491,11/27/22 05:57:55,13,7,0.005466740,0.000000003
362724:8491,11/27/22 06:02:57,7,2,0.002922430,0
362725:8491,11/27/22 06:05:36,11,3,0.004573642,0
362726:8491,11/27/22 06:09:37,14,7,0.005804437,0.000000246
362727:8491,11/27/22 06:15:01,17,8,0.006953026,0.001680456
362728:8491,11/27/22 06:21:34,393,393,0.152374728,0.144815412
362757:8496,11/27/22 23:14:23,74,68,0.026170490,0.019756246
362758:8496,11/27/22 23:43:07,224,215,0.095284312,0.086640889
362759:8496,11/28/22 01:10:06,16,7,0.006701846,0.002666449
362760:8496,11/28/22 01:16:05,733,733,0.297411087,0.282423201
365753:8540,04/06/23 09:39:32,92,88,0.000000018,0.000000017
365754:8540,04/06/23 10:14:59,63,57,0.000000012,0.000000011
365755:8540,04/06/23 10:39:26,48,44,0.000000009,0.000000008
365756:8540,04/06/23 10:57:56,43,40,0.000000008,0.000000007
365757:8540,04/06/23 11:14:26,48,48,0.000000008,0.000000008
365763:8541,04/06/23 12:51:40,12,0,0.000000003,0
365765:8541,04/06/23 12:56:03,238,236,0.000001205,0.000001460
365775:8542,04/06/23 17:05:24,306,306,0.000000048,0.000000047
365833:8550,04/07/23 15:13:49,8,0,0.000000008,0
365834:8550,04/07/23 15:16:36,46,38,0.000000043,0.000000034
365835:8550,04/07/23 15:34:08,42,35,0.000000036,0.000000030
365836:8550,04/07/23 15:50:14,43,37,0.000000035,0.000000029
365837:8550,04/07/23 16:06:55,45,38,0.000000034,0.000000028
365838:8550,04/07/23 16:24:06,43,37,0.000000030,0.000000025
365839:8550,04/07/23 16:40:42,45,39,0.000000031,0.000000026
365840:8550,04/07/23 16:57:56,46,39,0.000000029,0.000000024
365841:8550,04/07/23 17:15:28,52,44,0.000000031,0.000000026
365842:8550,04/07/23 17:35:23,55,48,0.000000030,0.000000026
365843:8550,04/07/23 17:56:41,378,361,0.000000166,0.000000146
365844:8550,04/07/23 20:23:22,752,752,0.000000207,0.000000204
365874:8558,04/09/23 09:00:33,9,0,0.000000008,0
365876:8558,04/09/23 09:04:03,146,146,0.000000111,0.000000109
365880:8559,04/09/23 11:10:10,10,0,0.000000008,0
365881:8559,04/09/23 11:13:54,13,6,0.000000011,0
365882:8559,04/09/23 11:18:53,635,623,0.000000310,0.000000300
365883:8559,04/09/23 15:25:32,14,6,0.000000004,0
365884:8559,04/09/23 15:30:54,51,16,0.000000015,0
365888:8559,04/09/23 15:50:25,18,11,0.000000005,0.000000002
365889:8559,04/09/23 15:57:23,159,159,0.000000042,0.000000042
366403:8637,04/21/23 18:58:03,144,137,0.000029847,0.000027333
366406:8637,04/21/23 19:53:39,34,28,0.000009231,0.000007248
366409:8637,04/21/23 20:06:31,35,28,0.000009509,0.000007184
366410:8637,04/21/23 20:19:48,30,23,0.000008189,0.000005980
366413:8637,04/21/23 20:31:08,56,24,0.000015098,0.000006222
366419:8637,04/21/23 20:52:44,31,25,0.000008659,0.000006572
366422:8637,04/21/23 21:04:35,30,24,0.000008285,0.000006198
366424:8637,04/21/23 21:15:58,29,23,0.000008145,0.000006192
366426:8637,04/21/23 21:27:14,31,24,0.000008771,0.000006632
366427:8637,04/21/23 21:39:09,29,22,0.000008054,0.000005681
366429:8637,04/21/23 21:50:07,38,31,0.000010752,0.000008519
366432:8637,04/21/23 22:04:41,31,25,0.000008676,0.000006643
366433:8637,04/21/23 22:16:40,8,2,0.000002232,0
366434:8637,04/21/23 22:19:37,5,2,0.000001385,0.000000100
366436:8637,04/21/23 22:21:33,45,35,0.000012788,0.000009508
366437:8637,04/21/23 22:38:52,26,20,0.000007272,0.000005269
366438:8637,04/21/23 22:48:55,33,26,0.000009250,0.000007113
366439:8637,04/21/23 23:01:36,37,31,0.000010245,0.000008203
366440:8637,04/21/23 23:15:53,32,26,0.000008695,0.000006713
366441:8637,04/21/23 23:28:14,31,24,0.000008600,0.000006462
366442:8637,04/21/23 23:40:14,442,442,0.000121861,0.000120296
366449:8639,04/22/23 05:35:22,240,236,0.000200312,0.000191451
366450:8639,04/22/23 07:08:32,195,190,0.000188753,0.000167867
366451:8639,04/22/23 08:24:11,1295,1295,0.000925675,0.000875872
366469:8642,04/22/23 22:29:16,1099,1085,0.009311099,0.008055757
366470:8642,04/23/23 05:36:09,103,6,0.000893192,0.000000064
366471:8642,04/23/23 06:16:07,157,157,0.001224021,0.000988114
366494:8644,04/23/23 13:49:23,140,123,0.001011155,0.000672811
366495:8644,04/23/23 14:43:45,386,373,0.004276681,0.003289793
366496:8644,04/23/23 17:13:44,60,52,0.000641624,0.000366580
366497:8644,04/23/23 17:36:55,358,350,0.003319126,0.002822913
366498:8644,04/23/23 19:55:39,128,111,0.001077447,0.000557055
366499:8644,04/23/23 20:45:08,489,470,0.003566371,0.003070871
366500:8644,04/23/23 23:55:00,78,78,0.000449086,0.000399231
366504:8645,04/24/23 02:32:06,1643,1643,0.014504124,0.012891757
366533:8654,04/25/23 03:42:10,165,165,0.001264610,0.001005315
366724:8675,04/27/23 23:50:24,63,30,0.001910276,0.000575907
366727:8675,04/28/23 00:14:39,253,244,0.017194033,0.015421440
366728:8675,04/28/23 01:52:43,92,83,0.003618774,0.002546819
366729:8675,04/28/23 02:28:26,426,419,0.028740629,0.027017284
366793:8685,04/29/23 09:43:19,75,64,0.002306690,0.001581514
366794:8685,04/29/23 10:12:11,143,125,0.007516758,0.006292524
366795:8685,04/29/23 11:07:36,106,97,0.007997339,0.006936142
366797:8685,04/29/23 11:48:34,76,68,0.005777222,0.005007404
366798:8685,04/29/23 12:17:55,136,111,0.009750749,0.007859645
366800:8685,04/29/23 13:10:40,101,94,0.003767608,0.002915641
366801:8685,04/29/23 13:49:49,436,429,0.026312859,0.024097700
366802:8685,04/29/23 16:38:53,35,22,0.001903572,0.001094793
366804:8685,04/29/23 16:52:11,156,156,0.007685549,0.007375855
366820:8686,04/29/23 20:16:33,379,374,0.024427065,0.021794336
366821:8686,04/29/23 22:43:29,975,975,0.057550796,0.053673741
366829:8690,04/30/23 10:56:00,235,216,0.014458894,0.011773899
366832:8690,04/30/23 12:27:18,276,258,0.021570756,0.018059364
366833:8690,04/30/23 14:14:16,630,630,0.034974632,0.032593142
366838:8691,04/30/23 20:24:25,120,114,0.007368459,0.006139881
366839:8691,04/30/23 21:10:53,15,8,0.001156863,0.000333469
366840:8691,04/30/23 21:16:27,191,184,0.014991436,0.011906859
366841:8691,04/30/23 22:30:41,270,269,0.018357302,0.016438496
366850:8692,05/01/23 03:02:13,164,155,0.009618797,0.008656006
366873:8695,05/01/23 13:19:49,379,353,0.056981230,0.048417700
366874:8695,05/01/23 15:46:51,587,567,0.088418519,0.082292733
366876:8695,05/01/23 19:34:53,268,268,0.031795060,0.030986248
366891:8696,05/02/23 00:15:20,238,234,0.034720949,0.029364727
366892:8696,05/02/23 01:47:45,12,8,0.002221194,0.000002018
366893:8696,05/02/23 01:52:21,26,11,0.004758321,0.000001050
366895:8696,05/02/23 02:02:15,1498,1498,0.196147853,0.188213570
366933:8701,05/03/23 02:55:37,1208,1208,0.203889012,0.190697824
367062:8723,05/05/23 13:38:14,33,26,0.001530794,0.000575202
367063:8723,05/05/23 13:50:58,21,15,0.001070794,0.000638263
367064:8723,05/05/23 13:58:54,490,485,0.036724032,0.031742715
367065:8723,05/05/23 17:09:08,271,271,0.018615532,0.016766539
367070:8724,05/05/23 22:58:17,379,372,0.063660143,0.051568787
367071:8724,05/06/23 01:25:13,41,34,0.008118332,0.004865677
367072:8724,05/06/23 01:40:55,89,75,0.016782618,0.011942502
367079:8725,05/06/23 05:51:04,721,721,0.129513643,0.120329914
367094:8728,05/06/23 13:22:21,18,0,0.002527305,0
367095:8728,05/06/23 13:29:02,602,578,0.116447889,0.109719820
367100:8729,05/06/23 20:08:58,354,347,0.071014530,0.065288522
367101:8729,05/06/23 22:26:25,7,1,0.001518058,0.000003251
367102:8729,05/06/23 22:28:48,86,75,0.018718668,0.015104964
367103:8729,05/06/23 23:02:02,76,65,0.016619566,0.012835598
367104:8729,05/06/23 23:31:30,1086,1086,0.191073558,0.183179606
367111:8730,05/07/23 09:23:37,299,290,0.057857363,0.051722164
367112:8730,05/07/23 11:19:36,1446,1446,0.255769976,0.244262551
367127:8731,05/07/23 22:42:10,341,334,0.101621123,0.092375477
367128:8731,05/08/23 00:54:20,20,15,0.006866116,0.003367549
367129:8731,05/08/23 01:01:54,10,6,0.003359917,0.001075579
367130:8731,05/08/23 01:05:47,172,167,0.049418138,0.043607956
367131:8731,05/08/23 02:12:34,152,149,0.040351689,0.037709424
367132:8731,05/08/23 03:11:22,4,1,0.001192987,0.000020405
367133:8731,05/08/23 03:12:46,360,333,0.092429461,0.079297547
367134:8731,05/08/23 05:32:16,113,113,0.012880272,0.012363341
367228:8736,05/08/23 23:45:49,258,253,0.064211582,0.057308733
367229:8736,05/09/23 01:25:47,50,45,0.016958241,0.013102935
367230:8736,05/09/23 01:44:57,10,4,0.003357339,0.000391684
367231:8736,05/09/23 01:48:31,29,22,0.009911663,0.006859231
367232:8736,05/09/23 01:59:29,1000,996,0.322105829,0.307248611
367233:8736,05/09/23 08:27:56,14,3,0.003947751,0
367234:8736,05/09/23 08:33:08,513,513,0.132308076,0.127388076
367260:8738,05/09/23 18:06:01,207,202,0.058273745,0.049934117
367261:8738,05/09/23 19:26:07,16,10,0.005436496,0.000004798
367262:8738,05/09/23 19:32:02,280,272,0.095521993,0.085361312
367263:8738,05/09/23 21:20:29,28,21,0.009415959,0.004219759
367264:8738,05/09/23 21:31:14,857,857,0.230023414,0.218941256
367267:8739,05/10/23 05:36:43,288,280,0.068970093,0.061814311
367268:8739,05/10/23 07:28:21,14,5,0.004739899,0.000000561
367269:8739,05/10/23 07:33:29,40,33,0.013639919,0.009455872
367270:8739,05/10/23 07:48:56,977,962,0.290473991,0.271879474
367271:8739,05/10/23 14:08:10,143,143,0.031614457,0.030129055
367312:8741,05/10/23 21:23:09,237,219,0.051445850,0.042727703
367314:8741,05/10/23 22:55:00,43,36,0.014871510,0.008783821
367315:8741,05/10/23 23:11:42,909,904,0.255603617,0.244640365
367334:8746,05/11/23 11:40:12,311,300,0.095996455,0.084137598
367336:8746,05/11/23 13:40:58,177,169,0.068720947,0.062578974
367337:8746,05/11/23 14:49:42,1067,1067,0.300365569,0.288801853
367355:8750,05/12/23 03:29:48,15,11,0.001485672,0.001234566
367406:8754,05/12/23 16:37:47,488,482,0.185123523,0.168209990
367413:8754,05/12/23 19:47:14,1403,1367,0.464232869,0.430200990
367415:8754,05/13/23 04:52:02,126,120,0.028895746,0.026675718
367416:8754,05/13/23 05:40:55,64,64,0.013494527,0.012700863
367475:8771,05/14/23 12:32:46,584,580,0.238808405,0.216935108
367476:8771,05/14/23 16:19:39,10,5,0.004324977,0.000006112
367477:8771,05/14/23 16:23:22,1309,1309,0.404425942,0.388537387
367515:8773,05/15/23 07:37:44,646,626,0.256694841,0.229909711
367516:8773,05/15/23 11:48:44,1244,1244,0.429590127,0.405674675
367552:8775,05/16/23 00:20:49,18,13,0.002256393,0.001257438
367553:8775,05/16/23 00:27:38,650,645,0.272987237,0.256332655
367554:8775,05/16/23 04:39:53,316,316,0.127776372,0.120971132
367589:8778,05/16/23 14:46:05,778,730,0.000385889,0.000341324
367591:8778,05/16/23 19:48:01,43,37,0.000034212,0.000027601
367592:8778,05/16/23 20:04:42,22,17,0.000017319,0.000010853
367593:8778,05/16/23 20:13:15,101,101,0.000072580,0.000070257
367615:8782,05/17/23 04:48:47,477,472,0.189158044,0.173723861
367616:8782,05/17/23 07:54:08,11,7,0.004898731,0.000005970
367617:8782,05/17/23 07:58:07,17,11,0.007481739,0.000022682
367618:8782,05/17/23 08:04:33,349,341,0.149728948,0.134385389
367619:8782,05/17/23 10:19:47,585,585,0.188356854,0.181402755
367661:8784,05/18/23 00:24:20,324,318,0.119108079,0.108587027
367662:8784,05/18/23 02:29:53,23,19,0.010273759,0.007576427
367663:8784,05/18/23 02:38:47,24,5,0.010578579,0.000554825
367664:8784,05/18/23 02:47:59,9,3,0.003949864,0.000000285
367665:8784,05/18/23 02:51:18,280,271,0.125148557,0.112140630
367666:8784,05/18/23 04:39:54,107,107,0.038798042,0.034233289
367691:8786,05/18/23 14:44:56,178,170,0.057038890,0.044267989
367692:8786,05/18/23 15:53:44,14,5,0.006315990,0.000000446
367693:8786,05/18/23 15:58:59,47,35,0.021114090,0.014220885
367694:8786,05/18/23 16:17:01,29,24,0.013285385,0.000001190
367695:8786,05/18/23 16:28:11,9,2,0.004075177,0.000066684
367696:8786,05/18/23 16:31:37,1929,1921,0.667134389,0.631542802
367697:8786,05/19/23 05:01:02,36,17,0.007985781,0.001086974
367699:8786,05/19/23 05:14:55,159,159,0.030973533,0.029997586
367730:8794,05/19/23 19:39:55,531,531,0.207816878,0.193560510
367742:8796,05/20/23 05:15:54,416,416,0.161120510,0.153542815
367758:8804,05/21/23 05:46:52,722,722,0.290888604,0.276283381
367770:8807,05/21/23 16:39:17,157,153,0.049440679,0.044385654
367771:8807,05/21/23 17:40:13,96,91,0.045503570,0.040465834
367772:8807,05/21/23 18:17:11,11,11,0.003139350,0.002516417
367789:8811,05/22/23 04:54:28,5,0,0.001311302,0
367790:8811,05/22/23 04:56:12,180,170,0.053494481,0.049859458
367831:8816,05/22/23 19:57:53,468,460,0.193782217,0.183564069
367836:8817,05/23/23 02:05:48,546,543,0.234816192,0.221326712
367837:8817,05/23/23 05:37:53,7,2,0.003278033,0.000008150
367838:8817,05/23/23 05:40:32,803,793,0.342261377,0.322408125
367840:8817,05/23/23 10:52:14,617,617,0.183059472,0.175403214
367881:8821,05/24/23 01:37:24,150,142,0.054591534,0.047631096
367882:8821,05/24/23 02:35:26,14,5,0.006772967,0.000000066
367883:8821,05/24/23 02:40:40,1059,1050,0.498069063,0.468207977
367884:8821,05/24/23 09:31:57,1021,1021,0.326906470,0.314669326
367902:8822,05/24/23 19:32:12,242,234,0.095656875,0.085940687
367903:8822,05/24/23 21:06:14,5,2,0.002410380,0.000007817
367904:8822,05/24/23 21:07:59,112,103,0.053738318,0.044545044
367905:8822,05/24/23 21:51:10,63,49,0.030203705,0.021281962
367906:8822,05/24/23 22:15:19,351,344,0.168390975,0.150785571
367907:8822,05/25/23 00:31:40,127,120,0.060605957,0.050939528
367908:8822,05/25/23 01:20:49,361,358,0.153760718,0.142974156
367909:8822,05/25/23 03:41:03,9,2,0.003440185,0.000005600
367910:8822,05/25/23 03:44:16,610,610,0.196846682,0.190078657
368223:8850,05/30/23 19:28:11,449,445,0.050671927,0.042993611
368224:8850,05/30/23 22:22:23,64,64,0.007413347,0.006794382
368229:8853,05/31/23 02:14:32,531,531,0.096962094,0.092105301
368318:8858,06/01/23 15:07:09,290,285,0.069107205,0.063725636
368320:8858,06/01/23 16:59:31,289,286,0.082081395,0.077854554
368321:8858,06/01/23 18:51:29,347,344,0.084062723,0.079976788
368331:8860,06/02/23 00:03:54,44,40,0.005733261,0.004328580
368332:8860,06/02/23 00:20:52,20,17,0.003489463,0.002403602
368333:8860,06/02/23 00:28:24,28,25,0.005565545,0.004088555
368334:8860,06/02/23 00:39:13,22,7,0.004717260,0.000859776
368336:8860,06/02/23 00:47:25,222,214,0.072290164,0.057624194
368337:8860,06/02/23 02:13:36,24,17,0.008430144,0.000000734
368338:8860,06/02/23 02:22:40,18,9,0.006391288,0.000000212
368339:8860,06/02/23 02:29:19,14,5,0.004932034,0.000063456
368340:8860,06/02/23 02:34:41,20,16,0.006937475,0.000087438
368341:8860,06/02/23 02:42:23,39,33,0.013205936,0.010344235
368343:8860,06/02/23 02:57:27,1140,1140,0.284037969,0.271448318
368382:8863,06/02/23 18:02:12,774,768,0.225534376,0.212039320
368383:8863,06/02/23 23:02:55,33,26,0.009178917,0.006490734
368384:8863,06/02/23 23:15:41,58,56,0.012018323,0.011346141
368388:8865,06/03/23 02:21:23,1440,1436,0.379179375,0.360341285
368389:8865,06/03/23 11:40:44,203,203,0.036655955,0.035232606
368400:8866,06/03/23 14:49:45,241,241,0.068805278,0.064786219
368410:8870,06/04/23 01:48:27,1471,1467,0.445518697,0.422381869
368411:8870,06/04/23 11:19:54,14,7,0.003094823,0.001341564
368412:8870,06/04/23 11:25:10,104,104,0.020273176,0.019221933
368423:8872,06/04/23 16:13:56,476,476,0.200156507,0.190612260
368429:8873,06/04/23 21:23:36,37,0,0.006924157,0
368437:8873,06/04/23 21:37:45,37,6,0.010564358,0.001317158
368440:8873,06/04/23 21:51:48,358,352,0.163498944,0.143734249
368442:8873,06/05/23 00:10:52,5,3,0.002396033,0.000005825
368443:8873,06/05/23 00:12:48,170,73,0.078985586,0.033378638
368451:8873,06/05/23 01:18:33,154,145,0.065462180,0.056568322
368452:8873,06/05/23 02:18:16,12,3,0.004833587,0.000172130
368453:8873,06/05/23 02:22:37,11,6,0.004407001,0.000299523
368454:8873,06/05/23 02:26:44,1174,1174,0.343823906,0.329785312
368489:8877,06/05/23 15:05:43,1033,1033,0.396165952,0.378138689
368542:8880,06/06/23 05:47:15,40,30,0.006854468,0.004120428
368546:8880,06/06/23 06:02:46,666,659,0.298643420,0.275630545
368547:8880,06/06/23 10:21:17,723,702,0.261777583,0.234765841
368548:8880,06/06/23 15:02:12,1052,1052,0.248548342,0.239307121
368565:8882,06/07/23 00:34:56,8,0,0.001156881,0
368566:8882,06/07/23 00:37:56,1201,1195,0.503582538,0.473338414
368567:8882,06/07/23 08:24:22,442,442,0.131455326,0.125692728
368609:8885,06/08/23 02:28:01,1029,1023,0.430958317,0.409059545
368610:8885,06/08/23 09:07:44,6,2,0.002125094,0.000005304
368611:8885,06/08/23 09:09:42,415,410,0.131544619,0.124995240
368612:8885,06/08/23 11:50:55,13,7,0.003671053,0.001764319
368613:8885,06/08/23 11:55:55,268,268,0.070463535,0.067854895
368636:8887,06/08/23 23:30:58,772,772,0.324195448,0.309407465
368669:8891,06/09/23 15:09:54,377,371,0.166343745,0.155316705
368670:8891,06/09/23 17:36:20,315,308,0.146130263,0.113227163
368671:8891,06/09/23 19:38:43,4,1,0.001779383,0.000010221
368672:8891,06/09/23 19:40:15,937,933,0.319327876,0.304972978
368673:8891,06/10/23 01:44:02,118,11,0.029988131,0.002483570
368674:8891,06/10/23 02:29:40,17,11,0.004207179,0.002365346
368675:8891,06/10/23 02:36:10,57,50,0.013785882,0.010873043
368676:8891,06/10/23 02:58:19,165,156,0.037932881,0.034459004
368678:8891,06/10/23 04:02:10,174,174,0.037138291,0.035769614
368684:8894,06/10/23 09:12:44,106,97,0.030465750,0.023899320
368685:8894,06/10/23 09:53:33,1507,1488,0.574679395,0.550740849
368723:8895,06/11/23 02:03:05,154,148,0.048175146,0.041720023
368724:8895,06/11/23 03:02:34,1216,1216,0.512457286,0.487173843
368746:8896,06/11/23 13:26:12,57,41,0.013964527,0.008289775
368748:8896,06/11/23 13:47:59,12,6,0.004140994,0.000000344
368749:8896,06/11/23 13:52:39,178,170,0.079767043,0.070478193
368750:8896,06/11/23 15:01:45,6,2,0.002775693,0.000000074
368751:8896,06/11/23 15:03:49,10,3,0.004609908,0.000037308
368752:8896,06/11/23 15:07:26,8,3,0.003668749,0.000000493
368753:8896,06/11/23 15:10:11,998,998,0.420538944,0.400431204
368762:8896,06/12/23 00:37:37,206,196,0.077587259,0.067530373
368763:8896,06/12/23 01:57:18,12,4,0.005595843,0.000039567
368764:8896,06/12/23 02:01:59,15,4,0.006938459,0.000721425
368765:8896,06/12/23 02:07:46,1400,1391,0.545509286,0.523313029
368822:8901,06/13/23 04:27:34,954,949,0.407740373,0.385637481
368823:8901,06/13/23 10:38:01,61,61,0.024113228,0.020641338
369794:8997,06/28/23 12:30:57,934,926,0.000209429,0.000204054
369795:8997,06/28/23 18:33:36,76,30,0.000013920,0.000003075
369797:8997,06/28/23 19:03:07,54,47,0.000003654,0.000003587
369802:8999,06/28/23 22:17:48,3717,3717,0.000489015,0.000479893
369867:9007,06/30/23 13:16:10,37,25,0.000568580,0.000347865
369869:9007,06/30/23 13:30:21,439,430,0.006313077,0.006146036
369870:9007,06/30/23 16:20:33,290,278,0.007588269,0.007143610
369872:9007,06/30/23 18:13:06,419,412,0.008996322,0.008588076
369873:9007,06/30/23 20:55:45,198,198,0.005667936,0.005466897
369901:9014,07/01/23 09:14:34,4,4,0,0
369927:9016,07/01/23 14:26:27,350,350,0.003316186,0.003247845
369937:9017,07/01/23 18:44:46,132,125,0.006574421,0.005911601
369938:9017,07/01/23 19:36:04,185,162,0.014272315,0.011627617
369941:9017,07/01/23 20:47:41,12,4,0.000920962,0.000000113
369942:9017,07/01/23 20:52:00,103,94,0.008063424,0.007201340
369943:9017,07/01/23 21:31:57,392,392,0.030030936,0.029267670
369956:9019,07/02/23 05:23:16,1050,1050,0.089243915,0.086787346
369978:9022,07/02/23 18:21:04,793,793,0.172197247,0.165447460
369994:9023,07/03/23 01:59:00,83,63,0.013933028,0.009190531
369998:9023,07/03/23 02:31:01,185,179,0.061404162,0.054522992
369999:9023,07/03/23 03:42:38,48,41,0.018854820,0.014570408
370000:9023,07/03/23 04:01:16,238,238,0.065387517,0.063252990
370091:9029,07/04/23 01:30:01,53,43,0.012982141,0.009577181
370092:9029,07/04/23 01:50:17,6,3,0.001456362,0.000091226
370093:9029,07/04/23 01:52:21,461,450,0.162576502,0.150552240
370094:9029,07/04/23 04:51:18,8,3,0.003586106,0.000008183
370095:9029,07/04/23 04:54:19,353,347,0.102424039,0.096273936
370096:9029,07/04/23 07:11:10,9,3,0.003695188,0.000783043
370097:9029,07/04/23 07:14:28,374,356,0.141034356,0.127556894
370100:9029,07/04/23 09:39:36,10,3,0.003369434,0.000000679
370101:9029,07/04/23 09:43:25,13,5,0.004341317,0.000000283
370102:9029,07/04/23 09:48:17,767,765,0.211459000,0.203013152
370129:9031,07/04/23 18:56:34,681,572,0.290008365,0.227143722
370141:9031,07/04/23 23:21:04,12,9,0.005196063,0.000000005
370142:9031,07/04/23 23:25:42,15,8,0.006439460,0.000000007
370143:9031,07/04/23 23:31:13,13,4,0.005540359,0
370144:9031,07/04/23 23:36:05,1337,1335,0.402484000,0.387652855
370169:9035,07/05/23 13:03:53,1429,1421,0.569346800,0.523893514
370170:9035,07/05/23 22:18:52,24,16,0.007140163,0
370171:9035,07/05/23 22:28:03,102,45,0.029547616,0.000001963
370172:9035,07/05/23 23:07:28,309,309,0.081096830,0.076114199
370175:9036,07/06/23 03:17:46,1804,1747,0.727881283,0.677881038
370186:9036,07/06/23 14:58:38,12,5,0.003377180,0.000000058
370187:9036,07/06/23 15:03:14,9,5,0.002525310,0.000023798
370188:9036,07/06/23 15:06:29,11,8,0.003076791,0.000006634
370189:9036,07/06/23 15:10:44,5,2,0.001391568,0.000000053
370190:9036,07/06/23 15:12:37,10,3,0.002747198,0.000008077
370192:9036,07/06/23 15:16:21,30,7,0.008166659,0.000165057
370195:9036,07/06/23 15:27:40,15,7,0.004050653,0.000000089
370196:9036,07/06/23 15:33:15,98,90,0.025883984,0.020603659
370197:9036,07/06/23 16:11:18,6,6,0.001528042,0.001382266
370293:9043,07/07/23 13:09:05,1590,1582,0.678141370,0.643208577
370294:9043,07/07/23 23:26:42,682,682,0.183299076,0.176324936
370299:9044,07/08/23 06:06:47,5,0,0.001469484,0
370300:9044,07/08/23 06:08:22,1028,993,0.466365372,0.422678603
370302:9044,07/08/23 12:47:36,8,3,0.003285360,0.000006194
370304:9044,07/08/23 12:50:38,344,328,0.130016066,0.118142842
370307:9044,07/08/23 15:04:05,716,716,0.209977385,0.202299535
370321:9045,07/08/23 21:40:44,103,20,0.030989710,0.001920458
370332:9045,07/08/23 22:20:38,1979,1979,0.723408912,0.688020689
370340:9046,07/09/23 12:56:49,769,769,0.343557217,0.325268543
370354:9049,07/09/23 21:08:00,395,388,0.170607124,0.149540140
370355:9049,07/09/23 23:41:15,125,92,0.059798139,0.040973912
370357:9049,07/10/23 00:29:47,857,857,0.327883296,0.314758248
370406:9050,07/10/23 14:29:05,841,834,0.368916082,0.345666238
370436:9050,07/10/23 19:55:30,32,32,0.011059095,0.010260135
370460:9055,07/11/23 05:19:32,122,118,0.033826873,0.032512771
370471:9056,07/11/23 09:20:10,6,0,0.000992328,0
370472:9056,07/11/23 09:22:18,44,44,0.009670953,0.009409725
370496:9057,07/11/23 11:37:53,2,0,0.000345018,0
370497:9057,07/11/23 11:38:34,1439,1439,0.593544224,0.565302521
370522:9059,07/12/23 01:55:07,335,331,0.136531009,0.130118873
370560:9062,07/12/23 14:36:48,354,354,0.149755606,0.143080760
370579:9063,07/12/23 19:38:53,99,93,0.030030550,0.024206343
370580:9063,07/12/23 20:17:16,2984,2875,0.955321495,0.893128659
370664:9066,07/14/23 09:40:22,55,47,0.013468309,0.009767964
370665:9066,07/14/23 10:01:37,14,6,0.004076430,0.001577619
370666:9066,07/14/23 10:06:52,10,3,0.003084521,0.000015129
370667:9066,07/14/23 10:10:37,115,115,0.039880363,0.037051452
370717:9067,07/15/23 03:10:11,133,133,0.037554603,0.035883563
370725:9068,07/15/23 07:13:30,427,427,0.178777028,0.168047186
370749:9070,07/15/23 19:20:26,1503,1496,0.645671050,0.611260153
370750:9070,07/16/23 05:04:10,9,4,0.002953470,0.000001698
370751:9070,07/16/23 05:07:34,13,8,0.004232757,0.000001564
370752:9070,07/16/23 05:12:26,17,10,0.005507424,0.000003630
370753:9070,07/16/23 05:18:43,251,251,0.075595550,0.072910299
370772:9072,07/16/23 09:58:52,1258,1247,0.570117632,0.536653613
370774:9072,07/16/23 18:07:34,165,159,0.061470801,0.054596983
370775:9072,07/16/23 19:11:41,175,168,0.059308786,0.052914545
370776:9072,07/16/23 20:19:32,334,334,0.098758424,0.094655086
370790:9073,07/17/23 00:50:23,32,32,0.003996582,0.003186450
#Summary:
#nfill,nrun,nls,ncms,totdelivered(/fb),totrecorded(/fb)
#260,1073,290870,282195,73.407149435,67.375060038
